Alpheratz	2.0969161666666665	29.09043111111111	137.46	-163.44	-10.1	33.62
Ankaa	6.5710475	-42.30598611111111	233.05	-356.3	74.6	38.5
Schedar	10.126837791666667	56.53733116666667	50.88	-32.13	-4.31	14.29
Diphda	10.89737875	-17.986606305555558	232.55	31.99	13.32	33.86
Achernar	24.428522833333336	-57.23675277777778	87.0	-38.24	18.6	23.39
Hamal	31.79335708333333	23.462417555555554	188.55	-148.08	-14.64	49.56
Polaris	37.954560666666666	89.26410897222222	44.48	-11.85	-16.42	7.54
Acamar	44.565400000000004	-40.304713888888884	-44.6	19.0	11.9	28.0
Menkar	45.569887791666666	4.089738777777778	-10.41	-76.85	-26.08	13.09
Mirfak	51.080708708333326	49.86117930555556	23.75	-26.23	-2.04	6.44
Aldebaran	68.98016279166666	16.50930236111111	63.45	-188.94	54.26	48.94
Rigel	78.63446708333333	-8.20163836111111	1.31	0.5	17.8	3.78
Capella	79.17232795833334	45.997991472222225	75.25	-426.89	29.19	76.2
Bellatrix	81.28276354166667	6.3497032777777775	-8.11	-12.88	18.2	12.92
Elnath	81.57297133333333	28.607451722222223	22.76	-173.58	9.2	24.36
Alnilam	84.05338895833333	-1.2019191388888888	1.44	-0.78	27.3	1.65
Betelgeuse	88.792939	7.407064	27.54	11.3	21.91	6.55
Canopus	95.98795783333334	-52.69566138888889	19.93	23.24	20.3	10.55
Sirius	101.28715533333333	-16.71611586111111	-546.01	-1223.07	-5.5	379.21
Adhara	104.65645316666667	-28.972086166666664	3.24	1.33	27.3	8.05
Procyon	114.82549791666668	5.224987555555556	-714.59	-1036.8	-3.2	284.56
Pollux	116.32895779166667	28.02619888888889	-626.55	-45.8	3.23	96.54
Avior	125.62848025	-59.50948419444445	-25.52	22.06	11.6	5.39
Suhail	136.998991125	-43.43259091666666	-24.01	13.52	17.6	5.99
Miaplacidus	138.29990608333333	-69.71720758333333	-156.47	108.95	-5.1	28.82
Alphard	141.89684458333332	-8.658599527777778	-15.23	34.37	-4.27	18.09
Regulus	152.09296245833335	11.967208777777778	-248.73	5.59	5.9	41.13
Dubhe	165.9319646666667	61.75103469444444	-134.11	-34.7	-9.4	26.54
Denebola	177.26490975000002	14.572058055555555	-497.68	-114.67	-0.2	90.91
Gienah	183.95154504166666	-17.541930444444446	-158.61	21.86	-4.2	21.23
Acrux	186.6494625	-63.099050000000005	-35.3	-12.0	-11.2	0.0
Gacrux	187.791498375	-57.11321344444445	28.23	-265.08	21.0	36.83
Alioth	193.50728995833333	55.95982297222223	111.91	-8.24	-12.7	39.51
Spica	201.298247375	-11.161319472222223	-42.35	-30.67	1.0	13.06
Alkaid	206.88515733333332	49.31326672222222	-121.17	-14.91	-13.4	31.38
Hadar	210.95585562500003	-60.37303516666667	-33.27	-23.16	5.9	8.32
Menkent	211.67061466666667	-36.36995475	-520.53	-518.06	1.3	55.45
Arcturus	213.91530029166665	19.18240916666667	-1093.39	-2000.06	-5.19	88.83
Rigil	219.90205833333331	-60.83399269444445	-3679.25	473.67	-21.4	754.81
Zubenelgenubi	222.719637875	-16.04177652777778	-105.68	-68.4	-10.0	43.03
Kochab	222.67635750000002	74.15550394444445	-32.61	11.42	16.96	24.91
Alphecca	233.67195	26.714692777777778	120.27	-89.58	1.7	43.46
Antares	247.35191541666669	-26.432002611111113	-12.11	-23.3	-3.5	5.89
Atria	252.1662295	-69.02771183333333	17.99	-31.58	-3.0	8.35
Sabik	257.59452870833337	-15.72490663888889	40.13	99.17	-2.4	36.91
Shaula	263.4021671666667	-37.10382355555556	-8.53	-30.8	-3.0	5.71
Rasalhague	263.7336227083333	12.56003738888889	108.07	-221.57	11.7	67.13
Eltanin	269.1515411666667	51.48889561111111	-8.48	-22.79	-27.91	21.14
Kaus Australis	276.04299333333336	-34.38461647222222	-39.42	-124.2	-15.0	22.76
Vega	279.23473479166665	38.78368894444444	200.94	286.23	-20.6	130.23
Nunki	283.81636041666667	-26.296724111111114	15.14	-53.43	-11.2	14.32
Altair	297.69582729166666	8.868321194444444	536.23	385.29	-26.6	194.95
Peacock	306.41190437500006	-56.73508972222222	6.9	-86.02	2.0	18.24
Deneb	310.35797974999997	45.28033880555555	2.01	1.85	-4.9	2.31
Enif	326.04648391666666	9.87500863888889	26.92	0.44	3.39	4.73
Al Na'ir	332.05826970833334	-46.96097438888889	126.69	-147.47	10.9	32.29
Fomalhaut	344.41269270833334	-29.62223702777778	328.95	-164.67	6.5	129.81
Scheat	345.94357275000004	28.08278711111111	187.65	136.93	7.99	16.64
Markab	346.19022270833335	15.205267138888889	60.4	-41.3	-2.7	24.46
